S-1000-beleuchtet;Werbepylon Vario-plus 1000 beleuchtet;Werbepylon-1000-1;http://www.werbetechnik-okay.de/;http://www.werbetechnik-okay.de/Werbepylon-1000-1;;x;;;;;;;8000;x;
S-1000-unbeleuchtet;Werbepylon Vario-plus 1000 unbeleuchtet;Werbepylon-Vario-plus-1000-unbeleuchtet;http://www.werbetechnik-okay.de/;http://www.werbetechnik-okay.de/Werbepylon-Vario-plus-1000-unbeleuchtet;;x;;;;;;;8000;;x
S-10000-unbeleuchtet;Werbepylon Vario-plus 10000 unbeleuchtet;Werbepylon-Vario-plus-10000-unbeleuchtet;http://www.werbetechnik-okay.de/;http://www.werbetechnik-okay.de/Werbepylon-Vario-plus-10000-unbeleuchtet;x;;;;;;;;8000;;x
S-10000K-unbeleuchtet;Werbepylon Vario-plus 10000K unbeleuchtet;Werbepylon-Vario-plus-10000K-unbeleuchtet;http://www.werbetechnik-okay.de/;http://www.werbetechnik-okay.de/Werbepylon-Vario-plus-10000K-unbeleuchtet;x;;;;;x;;;8000;;x
S-10000S-unbeleuchtet;Werbepylon Vario-plus 10000S unbeleuchtet;Werbepylon-Vario-plus-10000S-unbeleuchtet;http://www.werbetechnik-okay.de/;http://www.werbetechnik-okay.de/Werbepylon-Vario-plus-10000S-unbeleuchtet;x;;;;;;x;;5000;;x
S-10000SK-unbeleuchtet;Werbepylon Vario-plus 10000SK unbeleuchtet;Werbepylon-Vario-plus-10000SK-unbeleuchtet;http://www.werbetechnik-okay.de/;http://www.werbetechnik-okay.de/Werbepylon-Vario-plus-10000SK-unbeleuchtet;x;;;;;x;x;;5000;;x
S-1000D-beleuchtet;Werbepylon Vario-plus 1000D beleuchtet;Werbepylon-Vario-plus-1000D-beleuchtet;http://www.werbetechnik-okay.de/;http://www.werbetechnik-okay.de/Werbepylon-Vario-plus-1000D-beleuchtet;;x;;;;;;;2000;x;
S-1000D-unbeleuchtet;Werbepylon Vario-plus 1000D unbeleuchtet;Werbepylon-Vario-plus-1000D-unbeleuchtet;http://www.werbetechnik-okay.de/;http://www.werbetechnik-okay.de/Werbepylon-Vario-plus-1000D-unbeleuchtet;;x;;;;;;;2000;;x
S-1000K-beleuchtet;Werbepylon Vario-plus 1000K beleuchtet;Werbepylon-1000K;http://www.werbetechnik-okay.de/;http://www.werbetechnik-okay.de/Werbepylon-1000K;;x;;;;x;;;5000;;
S-1000K-unbeleuchtet;Werbepylon Vario-plus 1000K unbeleuchtet;Werbepylon-Vario-plus-1000K-unbeleuchtet;http://www.werbetechnik-okay.de/;http://www.werbetechnik-okay.de/Werbepylon-Vario-plus-1000K-unbeleuchtet;;x;;;;x;;;5000;;x
S-1000S-beleuchtet;Werbepylon Vario-plus 1000S beleuchtet;Werbepylon-Vario-plus-1000S-beleuchtet;http://www.werbetechnik-okay.de/;http://www.werbetechnik-okay.de/Werbepylon-Vario-plus-1000S-beleuchtet;;x;;;;;x;;5000;x;
S-1000S-unbeleuchtet;Werbepylon Vario-plus 1000S unbeleuchtet;Werbepylon-Vario-plus-1000S-unbeleuchtet;http://www.werbetechnik-okay.de/;http://www.werbetechnik-okay.de/Werbepylon-Vario-plus-1000S-unbeleuchtet;;x;;;;;x;;5000;;x
S-1000SK-beleuchtet;Werbepylon Vario-plus 1000SK beleuchtet;Werbepylon-1000SK;http://www.werbetechnik-okay.de/;http://www.werbetechnik-okay.de/Werbepylon-1000SK;;x;;;;x;x;;5000;x;
S-1000SK-unbeleuchtet;Werbepylon Vario-plus 1000SK unbeleuchtet;Werbepylon-Vario-plus-1000SK-unbeleuchtet;http://www.werbetechnik-okay.de/;http://www.werbetechnik-okay.de/Werbepylon-Vario-plus-1000SK-unbeleuchtet;;x;;;;x;x;;5000;;x
S-18000-unbeleuchtet;Werbepylon Vario-plus 18000 unbeleuchtet;Werbepylon-18000;http://www.werbetechnik-okay.de/;http://www.werbetechnik-okay.de/Werbepylon-18000;;;x;;;;;;5000;;x
S-2000-unbeleuchtet;Werbepylon Vario-plus 2000 unbeleuchtet;Werbepylon-Vario-plus-2000-unbeleuchtet;http://www.werbetechnik-okay.de/;http://www.werbetechnik-okay.de/Werbepylon-Vario-plus-2000-unbeleuchtet;;x;;;;;;;8000;;x
S-2000S-unbeleuchtet;Werbepylon Vario-plus 2000S unbeleuchtet;Werbepylon-Vario-plus-2000S-unbeleuchtet;http://www.werbetechnik-okay.de/;http://www.werbetechnik-okay.de/Werbepylon-Vario-plus-2000S-unbeleuchtet;;x;;;;;x;;5000;;x
S-3000-beleuchtet;Werbepylon Vario-plus 3000 beleuchtet;Werbepylon-3000;http://www.werbetechnik-okay.de/;http://www.werbetechnik-okay.de/Werbepylon-3000;x;;;;;;;;8000;x;
S-3000-unbeleuchtet;Werbepylon Vario-plus 3000 unbeleuchtet;Werbepylon-Vario-plus-3000-unbeleuchtet;http://www.werbetechnik-okay.de/;http://www.werbetechnik-okay.de/Werbepylon-Vario-plus-3000-unbeleuchtet;x;;;;;;;;8000;;x
S-30000-beleuchtet;Werbepylon Vario-plus 30000 beleuchtet;Werbepylon-30000;http://www.werbetechnik-okay.de/;http://www.werbetechnik-okay.de/Werbepylon-30000;;x;;x;;;;;5000;x;
S-30000-unbeleuchtet;Werbepylon Vario-plus 30000 unbeleuchtet;Werbepylon-Vario-plus-30000-unbeleuchtet;http://www.werbetechnik-okay.de/;http://www.werbetechnik-okay.de/Werbepylon-Vario-plus-30000-unbeleuchtet;;x;;x;;;;;5000;;x
S-30000S-beleuchtet;Werbepylon Vario-plus 30000S beleuchtet;Werbepylon-30000S;http://www.werbetechnik-okay.de/;http://www.werbetechnik-okay.de/Werbepylon-30000S;;x;;x;;;x;;5000;x;
S-30000S-unbeleuchtet;Werbepylon Vario-plus 30000S unbeleuchtet;Werbepylon-Vario-plus-30000S-unbeleuchtet;http://www.werbetechnik-okay.de/;http://www.werbetechnik-okay.de/Werbepylon-Vario-plus-30000S-unbeleuchtet;;x;;x;;;x;;5000;;x
S-3000K-beleuchtet;Werbepylon Vario-plus 3000K beleuchtet;Werbepylon-3000K;http://www.werbetechnik-okay.de/;http://www.werbetechnik-okay.de/Werbepylon-3000K;x;;;;;x;;;5000;x;
S-3000K-unbeleuchtet;Werbepylon Vario-plus 3000K unbeleuchtet;Werbepylon-Vario-plus-3000K-unbeleuchtet;http://www.werbetechnik-okay.de/;http://www.werbetechnik-okay.de/Werbepylon-Vario-plus-3000K-unbeleuchtet;x;;;;;x;;;5000;;x
S-3000S-beleuchtet;Werbepylon Vario-plus 3000S beleuchtet;Werbepylon-3000S;http://www.werbetechnik-okay.de/;http://www.werbetechnik-okay.de/Werbepylon-3000S;x;;;;;;x;;5000;x;
S-3000S-unbeleuchtet;Werbepylon Vario-plus 3000S unbeleuchtet;Werbepylon-Vario-plus-3000S-unbeleuchtet;http://www.werbetechnik-okay.de/;http://www.werbetechnik-okay.de/Werbepylon-Vario-plus-3000S-unbeleuchtet;x;;;;;;x;;5000;;x
S-3000SK-beleuchtet;Werbepylon Vario-plus 3000SK beleuchtet;Werbepylon-3000SK;http://www.werbetechnik-okay.de/;http://www.werbetechnik-okay.de/Werbepylon-3000SK;;x;;;;x;x;;5000;x;
S-3000SK-unbeleuchtet;Werbepylon Vario-plus 3000SK unbeleuchtet;Werbepylon-Vario-plus-3000SK-unbeleuchtet;http://www.werbetechnik-okay.de/;http://www.werbetechnik-okay.de/Werbepylon-Vario-plus-3000SK-unbeleuchtet;x;;;;;x;x;;5000;;x
S-31000-beleuchtet;Werbepylon Vario-plus 31000 beleuchtet;Werbepylon-31000;http://www.werbetechnik-okay.de/;http://www.werbetechnik-okay.de/Werbepylon-31000;x;;;x;;;;;5000;x;
S-31000-unbeleuchtet;Werbepylon Vario-plus 31000 unbeleuchtet;Werbepylon-Vario-plus-31000-unbeleuchtet;http://www.werbetechnik-okay.de/;http://www.werbetechnik-okay.de/Werbepylon-Vario-plus-31000-unbeleuchtet;x;;;x;;;;;5000;;x
S-31000S-beleuchtet;Werbepylon Vario-plus 31000S beleuchtet;Werbepylon-31000S;http://www.werbetechnik-okay.de/;http://www.werbetechnik-okay.de/Werbepylon-31000S;x;;;x;;;x;;5000;x;
S-31000S-unbeleuchtet;Werbepylon Vario-plus 31000S unbeleuchtet;Werbepylon-Vario-plus-31000S-unbeleuchtet;http://www.werbetechnik-okay.de/;http://www.werbetechnik-okay.de/Werbepylon-Vario-plus-31000S-unbeleuchtet;x;;;x;;;x;;5000;;x
S-35000-beleuchtet;Werbepylon Vario-plus 35000 beleuchtet;Werbepylon-35000;http://www.werbetechnik-okay.de/;http://www.werbetechnik-okay.de/Werbepylon-35000;;x;;;x;;;;5000;x;
S-35000-unbeleuchtet;Werbepylon Vario-plus 35000 unbeleuchtet;Werbepylon-Vario-plus-35000-unbeleuchtet;http://www.werbetechnik-okay.de/;http://www.werbetechnik-okay.de/Werbepylon-Vario-plus-35000-unbeleuchtet;;x;;;x;;;;5000;;x
S-35000S-beleuchtet;Werbepylon Vario-plus 35000S beleuchtet;Werbepylon-35000S;http://www.werbetechnik-okay.de/;http://www.werbetechnik-okay.de/Werbepylon-35000S;;x;;;x;;x;;5000;x;
S-35000S-unbeleuchtet;Werbepylon Vario-plus 35000S unbeleuchtet;Werbepylon-Vario-plus-35000S-unbeleuchtet;http://www.werbetechnik-okay.de/;http://www.werbetechnik-okay.de/Werbepylon-Vario-plus-35000S-unbeleuchtet;;x;;;x;;x;;5000;;x
S-36000-beleuchtet;Werbepylon Vario-plus 36000 beleuchtet;Werbepylon-36000;http://www.werbetechnik-okay.de/;http://www.werbetechnik-okay.de/Werbepylon-36000;x;;;;x;;;;5000;x;
S-36000-unbeleuchtet;Werbepylon Vario-plus 36000 unbeleuchtet;Werbepylon-Vario-plus-36000-unbeleuchtet;http://www.werbetechnik-okay.de/;http://www.werbetechnik-okay.de/Werbepylon-Vario-plus-36000-unbeleuchtet;x;;;;x;;;;5000;;x
S-36000S-beleuchtet;Werbepylon Vario-plus 36000S beleuchtet;Werbepylon-36000S;http://www.werbetechnik-okay.de/;http://www.werbetechnik-okay.de/Werbepylon-36000S;x;;;;x;;x;;5000;x;
S-36000S-unbeleuchtet;Werbepylon Vario-plus 36000S unbeleuchtet;Werbepylon-36000Sunbeleuchtet;http://www.werbetechnik-okay.de/;http://www.werbetechnik-okay.de/Werbepylon-36000Sunbeleuchtet;x;;;;x;;x;;5000;;x
S-4000-beleuchtet;Werbepylon Vario-plus 4000 beleuchtet;Werbepylon-Vario-plus-4000-beleuchtet;http://www.werbetechnik-okay.de/;http://www.werbetechnik-okay.de/Werbepylon-Vario-plus-4000-beleuchtet;;x;;;;;;;3000;x;
S-4000-unbeleuchtet;Werbepylon Vario-plus 4000 unbeleuchtet;Werbepylon-Vario-plus-4000-unbeleuchtet;http://www.werbetechnik-okay.de/;http://www.werbetechnik-okay.de/Werbepylon-Vario-plus-4000-unbeleuchtet;;x;;;;;;;3000;;x
S-40000-beleuchtet;Werbepylon Vario-plus 40000 beleuchtet;Werbepylon-Vario-plus-40000-beleuchtet;http://www.werbetechnik-okay.de/;http://www.werbetechnik-okay.de/Werbepylon-Vario-plus-40000-beleuchtet;x;;;;;;;x;4000;x;
S-40000-unbeleuchtet;Werbepylon Vario-plus 40000 unbeleuchtet;Werbepylon-Vario-plus-40000-unbeleuchtet;http://www.werbetechnik-okay.de/;http://www.werbetechnik-okay.de/Werbepylon-Vario-plus-40000-unbeleuchtet;x;;;;;;;x;4000;;x
S-4000S-unbeleuchtet;Werbepylon Vario-plus 4000S unbeleuchtet;Werbepylon-Vario-plus-4000S-unbeleuchtet;http://www.werbetechnik-okay.de/;http://www.werbetechnik-okay.de/Werbepylon-Vario-plus-4000S-unbeleuchtet;;x;;;;;x;;3000;;x
S-41000-beleuchtet;Werbepylon Vario-plus 41000 beleuchtet;Werbepylon-Vario-plus-41000-beleuchtet;http://www.werbetechnik-okay.de/;http://www.werbetechnik-okay.de/Werbepylon-Vario-plus-41000-beleuchtet;x;;;;;;;x;4000;x;
S-41000-unbeleuchtet;Werbepylon Vario-plus 41000 unbeleuchtet;Werbepylon-Vario-plus-41000-unbeleuchtet;http://www.werbetechnik-okay.de/;http://www.werbetechnik-okay.de/Werbepylon-Vario-plus-41000-unbeleuchtet;x;;;;;;;x;4000;;x
S-5000-beleuchtet;Werbepylon Vario-plus 5000 beleuchtet;Werbepylon-Vario-plus-5000-beleuchtet;http://www.werbetechnik-okay.de/;http://www.werbetechnik-okay.de/Werbepylon-Vario-plus-5000-beleuchtet;;x;;;;;;;8000;x;
S-5000-unbeleuchtet;Werbepylon Vario-plus 5000 unbeleuchtet;Werbepylon-Vario-plus-5000-unbeleuchtet;http://www.werbetechnik-okay.de/;http://www.werbetechnik-okay.de/Werbepylon-Vario-plus-5000-unbeleuchtet;;x;;;;;;;8000;;x
S-5000K-beleuchtet;Werbepylon Vario-plus 5000K beleuchtet;Werbepylon-Vario-plus-5000K-beleuchtet;http://www.werbetechnik-okay.de/;http://www.werbetechnik-okay.de/Werbepylon-Vario-plus-5000K-beleuchtet;;x;;;;x;;;8000;x;
S-5000K-unbeleuchtet;Werbepylon Vario-plus 5000K unbeleuchtet;Werbepylon-Vario-plus-5000K-unbeleuchtet;http://www.werbetechnik-okay.de/;http://www.werbetechnik-okay.de/Werbepylon-Vario-plus-5000K-unbeleuchtet;;x;;;;x;;;8000;;x
S-5000S-beleuchtet;Werbepylon Vario-plus 5000S beleuchtet;Werbepylon-Vario-plus-5000S-beleuchtet;http://www.werbetechnik-okay.de/;http://www.werbetechnik-okay.de/Werbepylon-Vario-plus-5000S-beleuchtet;;x;;;;;x;;5000;x;
S-5000S-unbeleuchtet;Werbepylon Vario-plus 5000S unbeleuchtet;Werbepylon-Vario-plus-5000S-unbeleuchtet;http://www.werbetechnik-okay.de/;http://www.werbetechnik-okay.de/Werbepylon-Vario-plus-5000S-unbeleuchtet;;x;;;;;x;;5000;;x
S-5000SK-beleuchtet;Werbepylon Vario-plus 5000SK beleuchtet;Werbepylon-Vario-plus-5000SK-beleuchtet;http://www.werbetechnik-okay.de/;http://www.werbetechnik-okay.de/Werbepylon-Vario-plus-5000SK-beleuchtet;;x;;;;x;x;;5000;x;
S-5000SK-unbeleuchtet;Werbepylon Vario-plus 5000SK unbeleuchtet;Werbepylon-Vario-plus-5000SK-unbeleuchtet;http://www.werbetechnik-okay.de/;http://www.werbetechnik-okay.de/Werbepylon-Vario-plus-5000SK-unbeleuchtet;;x;;;;x;x;;5000;;x
S-6000-beleuchtet;Werbepylon Vario-plus 6000 beleuchtet;Werbepylon-Vario-plus-6000-beleuchtet;http://www.werbetechnik-okay.de/;http://www.werbetechnik-okay.de/Werbepylon-Vario-plus-6000-beleuchtet;x;;;;;;;;3000;x;
S-6000-unbeleuchtet;Werbepylon Vario-plus 6000 unbeleuchtet;Werbepylon-Vario-plus-6000-unbeleuchtet;http://www.werbetechnik-okay.de/;http://www.werbetechnik-okay.de/Werbepylon-Vario-plus-6000-unbeleuchtet;x;;;;;;;;3000;;x
S-7000-unbeleuchtet;Werbepylon Vario-plus 7000 unbeleuchtet;Werbepylon-Vario-plus-7000unbeleuchtet;http://www.werbetechnik-okay.de/;http://www.werbetechnik-okay.de/Werbepylon-Vario-plus-7000unbeleuchtet;;x;;;;;;;3000;;x
S-8000-unbeleuchtet;Werbepylon Vario-plus 8000 unbeleuchtet;Werbepylon-Vario-plus-8000-unbeleuchtet;http://www.werbetechnik-okay.de/;http://www.werbetechnik-okay.de/Werbepylon-Vario-plus-8000-unbeleuchtet;x;;;;;;;;8000;;x
S-8000S-unbeleuchtet;Werbepylon Vario-plus 8000S unbeleuchtet;Werbepylon-Vario-plus-8000S-unbeleuchtet;http://www.werbetechnik-okay.de/;http://www.werbetechnik-okay.de/Werbepylon-Vario-plus-8000S-unbeleuchtet;x;;;;;;x;;5000;;x
S-9000-unbeleuchtet;Werbepylon Vario-plus 9000 unbeleuchtet;Werbepylon-Vario-plus-9000-unbeleuchtet;http://www.werbetechnik-okay.de/;http://www.werbetechnik-okay.de/Werbepylon-Vario-plus-9000-unbeleuchtet;;x;;;;;;;8000;;x
S-9000S-unbeleuchtet;Werbepylon Vario-plus 9000S unbeleuchtet;Werbepylon-Vario-plus-9000S-unbeleuchtet;http://www.werbetechnik-okay.de/;http://www.werbetechnik-okay.de/Werbepylon-Vario-plus-9000S-unbeleuchtet;;x;;;;;x;;5000;;x
